signal_date,market,stock_id,stock_name,industry,score,reasons,status,entry_date,entry_price,stop_price,return_1d,return_3d,return_5d,return_10d,stop_hit_10d,stop_return_pct
2026-09-02,TWSE,2409,友達,未分類,10,20 日漲幅未過熱｜接近 20 日高點｜量縮整理｜波動收斂｜貼近 MA20｜5 日相對強勢,entered,2026-09-03,26.9,0.0,-2.0,5.99,12.68,8.59,False,
2026-09-02,TWSE,2353,宏碁,未分類,10,20 日漲幅未過熱｜接近 20 日高點｜量縮整理｜波動收斂｜貼近 MA20｜5 日相對強勢,entered,2026-09-03,32.3,0.0,-3.95,-0.7,-2.25,-1.63,False,
2026-09-02,TWSE,3029,零壹,未分類,10,20 日漲幅未過熱｜接近 20 日高點｜量縮整理｜波動收斂｜貼近 MA20｜5 日相對強勢,entered,2026-09-03,113.0,0.0,-4.24,-3.8,-2.47,5.05,False,
2026-09-02,TWSE,5469,瀚宇博,未分類,10,20 日漲幅未過熱｜接近 20 日高點｜量縮整理｜波動收斂｜貼近 MA20｜5 日相對強勢,entered,2026-09-03,73.9,0.0,-4.35,-2.87,-2.73,0.38,False,
2026-09-02,TWSE,2352,佳世達,未分類,10,20 日漲幅未過熱｜接近 20 日高點｜量縮整理｜波動收斂｜貼近 MA20｜5 日相對強勢,entered,2026-09-03,28.85,0.0,-1.91,-0.18,-0.87,0.34,False,
2026-09-02,TWSE,4967,十銓,未分類,10,20 日漲幅未過熱｜接近 20 日高點｜量縮整理｜波動收斂｜貼近 MA20｜5 日相對強勢,entered,2026-09-03,281.0,0.0,-3.72,-1.95,-0.52,-2.84,False,
2026-09-02,TWSE,2331,精英,未分類,10,KD 低檔交叉｜20 日漲幅未過熱｜接近 20 日高點｜量縮整理｜波動收斂｜貼近 MA20,entered,2026-09-03,19.9,0.0,-3.97,-3.46,-5.22,-6.23,False,
2026-09-02,TWSE,8070,長華*,未分類,10,KD 低檔交叉｜20 日漲幅未過熱｜接近 20 日高點｜量縮整理｜波動收斂｜貼近 MA20,entered,2026-09-03,50.8,0.0,-3.85,-2.47,-2.57,-3.75,False,
2026-09-02,TWSE,3356,奇偶,未分類,9,接近 20 日高點｜量縮整理｜波動收斂｜貼近 MA20｜5 日相對強勢,entered,2026-09-03,63.5,0.0,-2.43,-5.74,-7.16,2.61,False,
2026-09-02,TWSE,2753,八方雲集,未分類,9,20 日漲幅未過熱｜接近 20 日高點｜量縮整理｜波動收斂｜5 日相對強勢,entered,2026-09-03,182.0,0.0,-1.8,-2.07,-2.62,-2.9,False,
2026-09-02,TWSE,1319,東陽,未分類,9,接近 20 日高點｜量縮整理｜波動收斂｜貼近 MA20｜5 日相對強勢,entered,2026-09-03,83.0,0.0,-2.63,-2.27,-4.8,-5.76,False,
2026-09-02,TWSE,4915,致伸,未分類,9,KD 低檔交叉｜接近 20 日高點｜量縮整理｜波動收斂｜貼近 MA20,entered,2026-09-03,60.7,0.0,-2.51,-1.52,0.45,7.37,False,
2026-09-02,TWSE,2397,友通,未分類,9,KD 低檔交叉｜20 日漲幅未過熱｜接近 20 日高點｜量縮整理｜波動收斂,entered,2026-09-03,63.0,0.0,-3.24,-2.45,-5.62,-7.05,False,
2026-09-02,TWSE,2365,昆盈,未分類,9,KD 低檔交叉｜20 日漲幅未過熱｜接近 20 日高點｜量縮整理｜波動收斂,entered,2026-09-03,30.15,0.0,-4.02,-5.68,-6.01,-8.99,False,
2026-09-02,TWSE,2885,元大金,未分類,8,20 日漲幅未過熱｜接近 20 日高點｜波動收斂｜貼近 MA20｜5 日相對強勢,entered,2026-09-03,66.7,0.0,2.0,4.55,3.8,3.35,False,
2026-09-02,TWSE,2377,微星,未分類,8,20 日漲幅未過熱｜量縮整理｜波動收斂｜貼近 MA20｜5 日相對強勢,entered,2026-09-03,157.0,0.0,-4.84,0.26,-1.02,-2.93,False,
2026-09-02,TWSE,6257,矽格,未分類,8,20 日漲幅未過熱｜接近 20 日高點｜波動收斂｜貼近 MA20｜5 日相對強勢,entered,2026-09-03,217.0,0.0,-4.39,-2.54,-2.54,-3.93,False,
2026-09-02,TWSE,3481,群創,未分類,8,20 日漲幅未過熱｜接近 20 日高點｜波動收斂｜貼近 MA20｜5 日相對強勢,entered,2026-09-03,49.85,0.0,-4.21,-0.5,-0.2,-3.01,False,
2026-09-02,TWSE,6670,復盛應用,未分類,8,20 日漲幅未過熱｜接近 20 日高點｜波動收斂｜貼近 MA20｜5 日相對強勢,entered,2026-09-03,281.5,0.0,-3.01,-2.65,-1.41,-4.79,False,
2026-09-02,TWSE,2886,兆豐金,未分類,8,20 日漲幅未過熱｜接近 20 日高點｜波動收斂｜貼近 MA20｜5 日相對強勢,entered,2026-09-03,49.0,0.0,2.16,1.75,1.95,3.18,False,
2026-09-03,TWSE,2027,大成鋼,未分類,11,KD 低檔交叉｜接近 20 日高點｜量縮整理｜波動收斂｜貼近 MA20｜5 日相對強勢,entered,2026-09-04,50.7,0.0,-1.69,-3.36,-5.63,-7.8,False,
2026-09-03,TWSE,2353,宏碁,未分類,10,20 日漲幅未過熱｜接近 20 日高點｜量縮整理｜波動收斂｜貼近 MA20｜5 日相對強勢,entered,2026-09-04,31.95,0.0,1.65,-3.52,-2.11,0.71,False,
2026-09-03,TWSE,9802,鈺齊-KY,未分類,10,20 日漲幅未過熱｜接近 20 日高點｜量縮整理｜波動收斂｜貼近 MA20｜5 日相對強勢,entered,2026-09-04,72.7,0.0,-1.25,-2.76,-9.92,-10.6,False,
2026-09-03,TWSE,2618,長榮航,未分類,10,20 日漲幅未過熱｜接近 20 日高點｜量縮整理｜波動收斂｜貼近 MA20｜5 日相對強勢,skipped_no_trigger,,,,,,,,,
2026-09-03,TWSE,5522,遠雄,未分類,10,20 日漲幅未過熱｜接近 20 日高點｜量縮整理｜波動收斂｜貼近 MA20｜5 日相對強勢,entered,2026-09-04,63.8,0.0,-0.39,-1.01,-2.42,-5.56,False,
2026-09-03,TWSE,6890,來億-KY,未分類,10,KD 低檔交叉｜20 日漲幅未過熱｜接近 20 日高點｜量縮整理｜波動收斂｜貼近 MA20,skipped_gap,,,,,,,,,
2026-09-03,TWSE,2352,佳世達,未分類,9,20 日漲幅未過熱｜接近 20 日高點｜量縮整理｜波動收斂｜5 日相對強勢,entered,2026-09-04,28.95,0.0,0.34,-1.74,-0.53,-0.53,False,
2026-09-03,TWSE,3356,奇偶,未分類,9,接近 20 日高點｜量縮整理｜波動收斂｜貼近 MA20｜5 日相對強勢,entered,2026-09-04,62.6,0.0,-2.78,-5.49,8.88,4.73,False,
2026-09-03,TWSE,2753,八方雲集,未分類,9,20 日漲幅未過熱｜接近 20 日高點｜量縮整理｜波動收斂｜5 日相對強勢,entered,2026-09-04,180.5,0.0,-1.25,-1.53,-2.09,-1.81,False,
2026-09-03,TWSE,2382,廣達,未分類,9,接近 20 日高點｜量縮整理｜波動收斂｜貼近 MA20｜5 日相對強勢,entered,2026-09-04,340.5,0.0,0.62,-4.37,-2.02,0.33,False,
2026-09-03,TWSE,2211,長榮鋼,未分類,9,20 日漲幅未過熱｜接近 20 日高點｜量縮整理｜波動收斂｜5 日相對強勢,entered,2026-09-04,83.6,0.0,-1.42,-1.18,-0.82,-4.41,False,
2026-09-03,TWSE,2449,京元電子,未分類,8,20 日漲幅未過熱｜接近 20 日高點｜波動收斂｜貼近 MA20｜5 日相對強勢,entered,2026-09-04,265.0,0.0,-1.83,0.62,1.75,-0.7,False,
2026-09-03,TWSE,6438,迅得,未分類,8,20 日漲幅未過熱｜接近 20 日高點｜波動收斂｜貼近 MA20｜5 日相對強勢,entered,2026-09-04,156.5,0.0,-0.7,-3.26,-4.21,-7.73,False,
2026-09-03,TWSE,1560,中砂,未分類,8,20 日漲幅未過熱｜接近 20 日高點｜波動收斂｜貼近 MA20｜5 日相對強勢,entered,2026-09-04,728.0,0.0,-5.23,-2.21,-0.01,11.25,False,
2026-09-03,TWSE,1402,遠東新,未分類,8,20 日漲幅未過熱｜接近 20 日高點｜量縮整理｜貼近 MA20｜5 日相對強勢,entered,2026-09-04,29.2,0.0,-0.87,-2.58,-2.58,-4.47,False,
2026-09-03,TWSE,3035,智原,未分類,8,20 日漲幅未過熱｜接近 20 日高點｜波動收斂｜貼近 MA20｜5 日相對強勢,entered,2026-09-04,183.5,0.0,-2.88,-5.33,-3.15,-3.15,False,
2026-09-03,TWSE,9105,泰金寶-DR,未分類,8,20 日漲幅未過熱｜接近 20 日高點｜波動收斂｜貼近 MA20｜5 日相對強勢,entered,2026-09-04,8.6,0.0,-0.12,0.23,-0.35,-2.68,False,
2026-09-03,TWSE,6177,達麗,未分類,8,20 日漲幅未過熱｜量縮整理｜波動收斂｜貼近 MA20｜5 日相對強勢,entered,2026-09-04,49.35,0.0,-1.0,-3.94,-4.45,-4.14,False,
2026-09-03,TWSE,3703,欣陸,未分類,8,20 日漲幅未過熱｜接近 20 日高點｜波動收斂｜貼近 MA20｜5 日相對強勢,entered,2026-09-04,20.0,0.0,-0.7,-1.45,-1.2,-0.95,False,
2026-09-03,TWSE,6491,晶碩,未分類,8,20 日漲幅未過熱｜接近 20 日高點｜波動收斂｜貼近 MA20｜5 日相對強勢,entered,2026-09-04,388.0,0.0,-1.47,-3.79,-6.24,2.65,False,
2026-09-04,TWSE,6177,達麗,建材營造,8,多頭均線排列｜KD 加速且 K < 80｜5 日漲幅 1%～8%｜5 日相對強勢｜量比 1.2～2.5｜突破 10 日高點｜前日收斂、今日帶寬回升｜距 20 日高點不超過 5%,skipped_no_trigger,,,,,,,,,
2026-09-15,TWSE,6214,精誠,資訊服務業,8,多頭均線排列｜5 日漲幅 1%～8%｜5 日相對強勢｜量比 1.2～2.5｜距 20 日高點不超過 5%｜產業相對強勢,skipped_no_trigger,,,,,,,,,
2026-09-16,TWSE,6214,精誠,資訊服務業,8,多頭均線排列｜5 日漲幅 1%～8%｜5 日相對強勢｜量比 1.2～2.5｜距 20 日高點不超過 5%｜產業相對強勢,entered,2026-09-17,193.0,185.54,-0.7,-1.48,-2.25,,True,-4.57
2026-09-17,TWSE,6206,飛捷,電腦及週邊設備業,8,多頭均線排列｜KD 加速且 K < 80｜5 日漲幅 1%～8%｜5 日相對強勢｜量比 1.2～2.5｜突破 10 日高點｜距 20 日高點不超過 5%,skipped_no_trigger,,,,,,,,,
2026-09-17,TWSE,3702,大聯大,電子通路業,8,多頭均線排列｜5 日漲幅 1%～8%｜5 日相對強勢｜量比 1.2～2.5｜突破 10 日高點｜距 20 日高點不超過 5%,entered,2026-09-18,112.0,106.32,1.53,0.19,4.21,,False,
2026-09-18,TWSE,3036,文曄,電子通路業,8,多頭均線排列｜KD 加速且 K < 80｜5 日漲幅 1%～8%｜5 日相對強勢｜量比 1.2～2.5｜距 20 日高點不超過 5%｜產業相對強勢,skipped_no_trigger,,,,,,,,,
2026-09-18,TWSE,4771,望隼,生技醫療業,8,多頭均線排列｜KD 加速且 K < 80｜5 日漲幅 1%～8%｜5 日相對強勢｜量比 1.2～2.5｜突破 10 日高點｜距 20 日高點不超過 5%,entered,2026-09-21,219.5,204.88,-0.93,-1.38,-4.34,,False,
2026-09-18,TWSE,2363,矽統,半導體業,8,多頭均線排列｜KD 加速且 K < 80｜5 日漲幅 1%～8%｜5 日相對強勢｜量比 1.2～2.5｜距 20 日高點不超過 5%｜產業相對強勢,entered,2026-09-21,55.2,50.5,6.18,6.55,6.55,,False,
2026-09-18,TWSE,3711,日月光投控,半導體業,8,多頭均線排列｜5 日漲幅 1%～8%｜5 日相對強勢｜量比 1.2～2.5｜距 20 日高點不超過 5%｜產業相對強勢,entered,2026-09-21,655.0,599.43,0.52,5.1,4.19,,False,
2026-09-18,TWSE,8926,台汽電,油電燃氣業,8,多頭均線排列｜KD 加速且 K < 80｜5 日漲幅 1%～8%｜5 日相對強勢｜量比 1.2～2.5｜距 20 日高點不超過 5%｜產業相對強勢,entered,2026-09-21,60.0,57.84,-1.53,-3.37,-3.53,,False,
2026-09-18,TWSE,9945,潤泰新,其他,8,多頭均線排列｜KD 加速且 K < 80｜5 日漲幅 1%～8%｜5 日相對強勢｜量比 1.2～2.5｜突破 10 日高點｜距 20 日高點不超過 5%,skipped_no_trigger,,,,,,,,,
2026-09-18,TWSE,5434,崇越,電子通路業,8,多頭均線排列｜5 日漲幅 1%～8%｜5 日相對強勢｜量比 1.2～2.5｜距 20 日高點不超過 5%｜產業相對強勢,skipped_no_trigger,,,,,,,,,
2026-09-21,TWSE,2376,技嘉,電腦及週邊設備業,8,多頭均線排列｜KD 加速且 K < 80｜5 日漲幅 1%～8%｜5 日相對強勢｜量比 1.2～2.5｜距 20 日高點不超過 5%｜產業相對強勢,skipped_no_trigger,,,,,,,,,
2026-09-21,TWSE,6206,飛捷,電腦及週邊設備業,8,多頭均線排列｜5 日漲幅 1%～8%｜5 日相對強勢｜量比 1.2～2.5｜距 20 日高點不超過 5%｜產業相對強勢,entered,2026-09-22,143.0,135.3,-2.45,-3.5,-3.15,,False,
2026-09-22,TWSE,6937,天虹,半導體業,8,多頭均線排列｜KD 加速且 K < 80｜5 日相對強勢｜量比 1.2～2.5｜距 20 日高點不超過 5%｜產業相對強勢,skipped_no_trigger,,,,,,,,,
2026-09-22,TWSE,2401,凌陽,半導體業,8,多頭均線排列｜KD 加速且 K < 80｜5 日相對強勢｜量比 1.2～2.5｜距 20 日高點不超過 5%｜產業相對強勢,skipped_no_trigger,,,,,,,,,
2026-09-22,TWSE,2436,偉詮電,半導體業,8,多頭均線排列｜KD 加速且 K < 80｜5 日漲幅 1%～8%｜5 日相對強勢｜量比 1.2～2.5｜距 20 日高點不超過 5%｜產業相對強勢,entered,2026-09-23,71.5,66.74,-3.36,5.45,,,False,
2026-09-23,TWSE,4566,時碩工業,電機機械,8,多頭均線排列｜KD 加速且 K < 80｜5 日漲幅 1%～8%｜5 日相對強勢｜量比 1.2～2.5｜突破 10 日高點｜距 20 日高點不超過 5%,entered,2026-09-24,67.8,64.97,8.89,8.59,,,False,
2026-09-23,TWSE,9945,潤泰新,其他,8,多頭均線排列｜5 日漲幅 1%～8%｜5 日相對強勢｜量比 1.2～2.5｜前日收斂、今日帶寬回升｜距 20 日高點不超過 5%,entered,2026-09-24,30.35,28.7,-2.18,-3.67,,,False,
2026-09-23,TWSE,1773,勝一,化學工業,8,多頭均線排列｜KD 加速且 K < 80｜5 日漲幅 1%～8%｜量比 1.2～2.5｜突破 10 日高點｜距 20 日高點不超過 5%,skipped_no_trigger,,,,,,,,,
2026-09-24,TWSE,2436,偉詮電,半導體業,8,多頭均線排列｜KD 加速且 K < 80｜5 日漲幅 1%～8%｜5 日相對強勢｜量比 1.2～2.5｜突破 10 日高點｜距 20 日高點不超過 5%｜產業相對強勢｜MA20 乖離 6%～9%（-1）,entered,2026-09-29,72.4,68.07,4.13,,,,False,
2026-09-24,TWSE,2302,麗正,半導體業,8,多頭均線排列｜KD 加速且 K < 80｜5 日漲幅 1%～8%｜5 日相對強勢｜量比 1.2～2.5｜前日收斂、今日帶寬回升｜距 20 日高點不超過 5%｜產業相對強勢｜MA20 乖離 6%～9%（-1）,entered,2026-09-29,46.8,43.06,-3.91,,,,False,
2026-09-29,TWSE,2347,聯強,電子通路業,9,多頭均線排列｜5 日漲幅 1%～8%｜5 日相對強勢｜量比 1.2～2.5｜前日收斂、今日帶寬回升｜距 20 日高點不超過 5%｜產業相對強勢,skipped_no_trigger,,,,,,,,,
2026-09-29,TWSE,4540,全球傳動,電機機械,8,多頭均線排列｜KD 加速且 K < 80｜5 日漲幅 1%～8%｜5 日相對強勢｜量比 1.2～2.5｜突破 10 日高點｜距 20 日高點不超過 5%,entered,2026-09-30,63.0,59.2,-2.13,,,,False,
2026-09-29,TWSE,1708,東鹼,化學工業,8,多頭均線排列｜KD 加速且 K < 80｜5 日漲幅 1%～8%｜5 日相對強勢｜量比 1.2～2.5｜前日收斂、今日帶寬回升｜距 20 日高點不超過 5%,entered,2026-09-30,53.4,50.01,0.05,,,,False,
2026-09-29,TWSE,1773,勝一,化學工業,8,多頭均線排列｜KD 加速且 K < 80｜5 日漲幅 1%～8%｜5 日相對強勢｜量比 1.2～2.5｜突破 10 日高點｜距 20 日高點不超過 5%,entered,2026-09-30,169.5,161.77,-1.88,,,,False,
2026-09-29,TWSE,6937,天虹,半導體業,8,多頭均線排列｜KD 加速且 K < 80｜5 日漲幅 1%～8%｜5 日相對強勢｜量比 1.2～2.5｜距 20 日高點不超過 5%｜產業相對強勢,entered,2026-09-30,314.0,289.2,-2.61,,,,False,
2026-09-29,TWSE,3535,晶彩科,光電業,8,多頭均線排列｜KD 加速且 K < 80｜5 日漲幅 1%～8%｜5 日相對強勢｜量比 1.2～2.5｜距 20 日高點不超過 5%｜產業相對強勢,entered,2026-09-30,91.4,83.97,-0.04,,,,False,
2026-09-30,TWSE,3535,晶彩科,光電業,9,多頭均線排列｜KD 加速且 K < 80｜5 日漲幅 1%～8%｜5 日相對強勢｜量比 1.2～2.5｜前日收斂、今日帶寬回升｜距 20 日高點不超過 5%｜產業相對強勢,pending,,,,,,,,,
2026-09-30,TWSE,2436,偉詮電,半導體業,8,多頭均線排列｜5 日漲幅 1%～8%｜5 日相對強勢｜量比 1.2～2.5｜前日收斂、今日帶寬回升｜距 20 日高點不超過 5%｜產業相對強勢｜MA20 乖離 6%～9%（-1）,pending,,,,,,,,,
2026-09-30,TWSE,6139,亞翔,其他電子業,8,多頭均線排列｜5 日漲幅 1%～8%｜5 日相對強勢｜量比 1.2～2.5｜距 20 日高點不超過 5%｜產業相對強勢,pending,,,,,,,,,
2026-09-30,TWSE,6937,天虹,半導體業,8,多頭均線排列｜KD 加速且 K < 80｜5 日漲幅 1%～8%｜5 日相對強勢｜量比 1.2～2.5｜距 20 日高點不超過 5%｜產業相對強勢,pending,,,,,,,,,
2026-09-30,TWSE,4912,聯德控股-KY,電子零組件業,8,多頭均線排列｜5 日漲幅 1%～8%｜5 日相對強勢｜量比 1.2～2.5｜突破 10 日高點｜產業相對強勢,pending,,,,,,,,,
2026-09-30,TWSE,2330,台積電,半導體業,8,多頭均線排列｜KD 加速且 K < 80｜量比 1.2～2.5｜前日收斂、今日帶寬回升｜距 20 日高點不超過 5%｜產業相對強勢,pending,,,,,,,,,
